PRODUCT_ID,intercept,elasticity,disc_effect,r2,residual_std,n_obs,feature_importance_price,feature_importance_disc,segment,elasticity_shrunk,disc_effect_shrunk,mean_qty,mean_price,mean_disc,mean_display,mean_mailer,mean_seg_disc_other,mean_log_store_coverage,mean_campaign_active,intercept_calibrated,base_demand,base_price,phi,display_mean,display_std,mailer_mean,mailer_std
825659,0.5211651687070891,1.9308226515220113e-15,1.5238290402947594,0.7687407507739624,0.26540762738422613,46,0.04413951184610609,0.1899650879180635,4,0.0,1.4608255287387861,2.0,2.5144444444444445,0.097011702724878,0.9484841154652475,0.06666666666666667,0.09608514339812851,2.2175260533466354,0.0,0.5514300086330255,1.7357333576771579,2.5144444444444445,0.8849924611414882,0.9496040259986118,0.19368540444465548,0.06521739130434782,0.249637418228338
828106,1.5146015317224097,0.5732320270893557,7.241857323275429,0.9732584044752075,0.2066206993582107,46,0.07913451953779098,0.6190979858017243,6,0.0,6.756897997014592,9.777777777777779,11.104334184781294,0.26651586302676195,0.0,0.044444444444444446,0.1860846720921335,4.684787558292603,0.26666666666666666,0.479291736083844,1.614930200254301,11.104334184781294,0.8849924611414882,0.0,0.0,0.043478260869565216,0.2061845709423622
828525,0.9788236147813107,0.22982003975879978,1.9975462909105528,0.6758257706181452,0.4681346316130193,46,0.4513642922984238,0.1392877904512444,5,0.0,1.846368972016972,3.6666666666666665,1.0026852332852334,0.03286166956548613,0.5777777777777777,0.0,0.050547349440108885,1.9803629257730628,0.0,1.2386082170758728,3.450807346262676,1.0026852332852334,0.8849924611414882,0.5869565217391305,0.4978213403988641,0.0,0.0
831815,1.8379232051614718,-3.6444563124212426,0.13039292660238472,0.506010861456783,0.5133561879567423,59,0.3451596109475161,0.0842572793764968,5,-3.263151198839976,0.16593094413962065,8.206896551724139,0.17969236893374826,0.09897145901202696,0.523287505027579,0.034482758620689655,0.05012808855763644,0.9555533831750056,0.0,-3.512675827455029,8.07322003774305,0.17969236893374826,0.8849924611414882,0.5313673778237218,0.49780358689787046,0.03389830508474576,0.182520824972938
835028,0.35110370703598737,-1.335420689620781,-7.116814260417671e-18,0.892995075427776,0.1841897141114514,26,0.4498637444832701,0.2761328808814345,0,-1.1058321538124694,0.0964606667634576,1.6,9.733866666666666,0.014318467838727875,0.0,0.04,0.061567522506148144,4.663439094112067,0.04,2.9850665098942852,1.5977916550721785,9.733866666666666,0.8849924611414882,0.0,0.0,0.07692307692307693,0.271746488194703
835098,2.328357802314644,0.02520613437394801,6.6639830341253505,0.6539504595873402,0.40730850273617536,62,0.1149056579730532,0.5862018702717766,9,0.0,6.026497945213677,12.737704918032787,3.487145947176685,0.049140373360258165,0.5757256730335388,0.0,0.026922454351969764,1.4747955798255326,0.26229508196721313,2.248422127111707,9.472777199728165,3.487145947176685,0.8849924611414882,0.5825688073394495,0.4952951571138289,0.0,0.0
836445,1.4468282731841322,3.703501286433702,-0.06024275781411948,0.6641329485556191,0.35324968502251625,65,0.027545772430874308,0.11797601878652898,6,0.0,0.18500792403399852,5.09375,11.022271825396826,0.22809607952804803,0.9196895882199395,0.125,0.18528121300778655,3.69276823745266,0.25,1.5858147158532578,4.8832682343352385,11.022271825396826,0.8849924611414882,0.9209251330165559,0.20106801271198152,0.12307692307692308,0.33108214179472834
843558,0.5082763601839091,-8.831319514063745e-16,1.5710998409416068,0.501481700675847,0.34696970434815816,44,0.03410908059394351,0.3109816630936379,4,-7.483955895604468e-16,1.503369249320949,1.9069767441860466,3.3091860465116283,0.16059803977875167,0.9393615148108518,0.06976744186046512,0.09772638533890361,2.0588960679018724,0.18604651162790697,0.4040809770660938,1.4979252396382423,3.3091860465116283,0.8849924611414882,0.9407396622015143,0.2223035958873621,0.06818181818181818,0.2549717059293527
847434,0.15060040301745453,-0.17852870197180792,5.0464682937507114e-17,0.5869218644006392,0.21182473775939345,33,0.28459450683109705,0.0,11,-0.16960226687321753,4.3781347363860336e-17,1.25,17.018124999999998,0.001737076153418566,1.0,0.0,0.010459348762766645,3.459401923180084,0.0,0.7038436866201694,1.25,17.018124999999998,0.8849924611414882,1.0,0.0,0.0,0.0
848029,1.3705996977277055,0.4489157539573278,1.5629350822034078,0.947609912235411,0.268614841031385,54,0.21215002837421773,0.7200400700548713,6,0.0,1.645867980049773,8.39622641509434,9.356639358178857,0.09552551797288382,0.0,0.09433962264150944,0.18494389781338127,4.673703183295808,0.24528301886792453,1.9705599773048796,7.174693028921547,9.356639358178857,0.8849924611414882,0.0,0.0,0.1111111111111111,0.31722063428725766
849202,1.848668882368989,-0.5725440713307018,1.1386902816668274e-16,0.7617129601506705,0.2238183210927501,65,0.43774330137756207,0.0,9,-0.5152896641976317,0.028913214500861744,6.90625,8.43626268262987,0.0,0.9731308411214953,0.0625,0.029189240638055922,4.112342728847972,0.0,3.031302310250507,6.906250000000001,8.43626268262987,0.8849924611414882,0.9735442127965493,0.10487465471355466,0.06153846153846154,0.2421855614066333
851675,0.12996509635498973,4.3368086899420177e-16,-1.1259066233396509,0.4513861131987834,0.20019712823187832,32,0.2710659096536915,0.6130038073640599,8,0.0,-0.9871181212236161,1.1935483870967742,8.519032258064515,0.11581182803173633,0.0,0.03225806451612903,0.10822137184991132,4.6443908991413725,0.12903225806451613,0.2912506622612383,1.3380999530760884,8.519032258064515,0.8849924611414882,0.0,0.0,0.03125,0.1767766952966369
856553,0.5237473751966679,-0.01961468675807906,1.0328108919343544,0.7096007103713897,0.30305314764297403,44,0.07416059025288067,0.3983464356602808,4,-0.01765321808227111,1.0189091952144218,1.9767441860465116,2.8329844961240314,0.1580033308187111,0.5991251359372257,0.17118863049095606,0.10165556648369913,2.048183951998774,0.18604651162790697,0.5388429329454009,1.6828017188411266,2.8329844961240314,0.8849924611414882,0.6082359283022888,0.4543031734805803,0.16729797979797978,0.370383277807348
860248,1.021363522099499,7.895396508054779,2.4267169937161894e-17,0.6354245333243332,0.3592729645285335,61,0.39252461650040826,0.0,9,0.0,0.02891321450086166,3.35,8.351041666666667,0.0,0.9818521130899901,0.03333333333333333,0.029059842650513496,3.8360759177928703,0.0,1.208960345836975,3.35,8.351041666666667,0.8849924611414882,0.9821496194327771,0.09796564089739992,0.03278688524590164,0.17955622283415837
860804,0.48615550629350596,4.785444071660157e-15,2.2300674252727055,0.46120914740476615,0.3737022113266107,29,0.028148779682841418,0.24660253449727823,4,0.0,2.0964400752189376,1.8571428571428572,2.9792857142857145,0.1160619039263693,0.5357142857142857,0.0,0.08986607023216656,2.027388284544774,0.0,0.37572238180877277,1.4560428536725418,2.9792857142857145,0.8849924611414882,0.5172413793103449,0.5085476277156078,0.0,0.0
863447,1.9865500213401166,-3.3745943996782066,-0.26230226596358747,0.8905476636283527,0.34113471453415317,63,0.2733284366272164,0.6858716010291538,6,-3.035712030358134,0.003154366699477329,13.387096774193548,7.782416456095809,0.0856721812020472,0.0,0.16129032258064516,0.18844893689547101,4.689407060588686,0.25806451612903225,8.822898072184156,13.383479514198076,7.782416456095809,0.8849924611414882,0.0,0.0,0.15873015873015872,0.36835944955407457
866528,0.6877832768842681,41.4441273195898,0.25140292849037554,0.3406410725497865,0.5047413173774813,54,0.811280995510038,0.03359945373936192,9,0.0,0.2551758501421996,2.4339622641509435,1.6982093441150046,0.00614345223509644,0.07547169811320754,0.0,0.029067403100167716,0.0,0.0,0.8879528301626516,2.4301496265351883,1.6982093441150046,0.8849924611414882,0.07407407407407407,0.2643505285727147,0.0,0.0
866755,1.4628534388178929,2.7025754151776256,15.81830785149261,0.9740365950511712,0.1745472623303062,47,0.09318171908495819,0.9014249325854804,4,0.0,8.49548505891705,7.3478260869565215,5.405173240910789,0.060381254593042895,0.0,0.1956521739130435,0.10379077163839806,4.5957665224463025,0.0,1.4814364527600614,4.399260474232228,5.405173240910789,0.8849924611414882,0.0,0.0,0.19148936170212766,0.39772712255364373
867215,0.4027678870498916,-2.455300919844096e-15,2.8178998763447862,0.818635637506139,0.2128156432159519,39,0.0380714259782334,0.6774825183328524,6,0.0,2.7753362947770137,1.736842105263158,3.216315789473684,0.2581929218008068,0.8421052631578947,0.0,0.18568041318342918,0.9030122030261023,0.0,-0.1645036046282624,0.8483146990796885,3.216315789473684,0.8849924611414882,0.8461538461538461,0.36551776819519566,0.0,0.0
870882,0.343992020071433,-3.2273925134452223e-16,1.2241782478990828,0.46013946066660605,0.3336439308735429,43,0.04177119978161273,0.2720943103323973,8,-3.2273925134452223e-16,1.1279582628912443,1.5952380952380953,6.986190476190477,0.09573923436833368,0.6205826875204528,0.14285714285714285,0.10307400760248979,1.1168757243535663,0.19047619047619047,0.3590331406189551,1.431944256304277,6.986190476190477,0.8849924611414882,0.6061505319967213,0.47589335791330356,0.13953488372093023,0.350604603563426
871636,0.6276509681395346,0.0,2.25103756485818,0.3800325848355487,0.5291929603347271,42,0.0,0.448996050856774,4,0.0,2.115313200845865,2.3902439024390243,1.79,0.08350365626561293,0.3170731707317073,0.0,0.10085264998822832,0.03381205758829001,0.0,0.6947590255487175,2.003226289418256,1.79,0.8849924611414882,0.30952380952380953,0.4679011380933327,0.0,0.0
872137,2.203071923077589,14.38960532613089,2.626072493454111,0.7702913273658024,0.3023250186720001,65,0.24436532539317718,0.20185305466865222,9,0.0,2.3923784586095618,11.34375,3.82411514819786,0.028230959570695748,0.305724383417328,0.078125,0.027741131497134062,1.6052127486214085,0.359375,2.3611277919223146,10.602902579857211,3.82411514819786,0.8849924611414882,0.3010209313647537,0.4411054518312798,0.07692307692307693,0.26854307776478736
874255,1.3928094753088143,7.335402126987641e-15,1.710688807602082,0.8174381854048948,0.3883421389222762,56,0.0011182236389927656,0.31456285953629487,6,0.0,1.77884633290858,5.927272727272728,2.4674545454545456,0.5261500547645125,0.6837012221048012,0.2545454545454545,0.17863320942104874,2.088676487185505,0.2727272727272727,0.8436241006567352,2.3247769539600003,2.4674545454545456,0.8849924611414882,0.6893494145672153,0.41489820163301644,0.25,0.4369314487526515
874972,2.4301630147030138,-2.337459899143312,11.075256900155013,0.9360436589586449,0.24811017616865103,65,0.22425681034123687,0.6634053537476587,6,-2.102290979876729,8.49548505891705,18.171875,9.396321687645266,0.09226414154008596,0.0,0.015769675925925927,0.18908769258800034,4.689325040678271,0.25,6.825847393406295,8.298264804364347,9.396321687645266,0.8849924611414882,0.0,0.0,0.015527065527065528,0.1240221060959065
876504,1.4408435836818945,5.1241062675007224e-15,0.1434243376002396,0.05628335738397705,0.5126987970599961,65,0.0,0.4606472262777587,5,0.0,0.17765921403769003,4.875,0.59,0.04184322033898306,0.03125,0.0,0.05521820108898098,0.0,0.0,1.576686270811581,4.838894428690562,0.59,0.8849924611414882,0.03076923076923077,0.1740358053345964,0.0,0.0
881119,0.2410946714991114,0.0,0.4740691405206483,0.6106015964982381,0.24229592474917622,23,0.02601810193476603,0.23319036872625157,1,0.0,0.4325481650992437,1.4090909090909092,3.7899999999999996,0.0774166466778604,0.7740384615384616,0.045454545454545456,0.008740514052865727,1.1758793209818188,0.22727272727272727,0.30945832265818546,1.362686777628722,3.7899999999999996,0.8849924611414882,0.7487289280767541,0.4340077449467311,0.043478260869565216,0.2085144140570748
883003,2.1995657007682103,1.705731119070679,5.973477189127173,0.9157459145642369,0.20647879114350495,65,0.44459054731965486,0.47623338381501645,6,0.0,5.615355876281162,11.015625,4.930403683249931,0.06788879760161656,0.0,0.43720794392523366,0.18980682274924648,4.662825838268761,0.0,2.018094960906697,7.523977800229328,4.930403683249931,0.8849924611414882,0.0,0.0,0.4458662832494608,0.500642991763256
885863,1.9282032172587893,0.44244640266537905,4.849387239765778,0.8831945660744853,0.24644363765022434,63,0.6031617395727177,0.39672013585767163,0,0.0,4.4609091825526574,8.5,4.848004002533414,0.057688252231048974,0.0,0.0,0.055645552470006535,4.605330675195401,0.0,1.8827241093933706,6.571381664473282,4.848004002533414,0.8849924611414882,0.0,0.0,0.0,0.0
886317,0.45400769004970654,-6.218225502546313,0.8252181081519794,0.6943428994822709,0.270435543955077,28,0.7279802218216552,0.08191408637499123,9,-3.7131863673750805,0.771609511837643,1.7777777777777777,2.357314814814815,0.02763453037040856,0.18518518518518517,0.0,0.030220844112109832,1.0429057184171366,0.0,3.738184463551946,1.7402714005913535,2.357314814814815,0.8849924611414882,0.17857142857142858,0.39002102778747977,0.0,0.0
888431,0.9064723601360564,11.18963003335824,0.9599447745110401,0.7272982976859426,0.39209696698844587,62,0.1652315309992771,0.40511773409986485,6,0.0,1.1031767031266422,3.540983606557377,2.412484250919747,0.19979500987183724,0.9435876047642556,0.08196721311475409,0.18640582809540632,2.1973196730765876,0.3442622950819672,1.0439953432192854,2.840543318535454,2.412484250919747,0.8849924611414882,0.9444974821067678,0.17242937627150012,0.08064516129032258,0.2745122110081744
889533,0.5288857162271958,-1.8406105175828058,0.6605485620593133,0.29650646891199683,0.42734094244053056,32,0.527941273030171,0.15631556255947276,9,-1.6565494658245252,0.6234069203542436,1.8709677419354838,3.664623655913979,0.049154292324608495,0.12963521254145313,0.0,0.024044223020007683,3.0258340644553856,0.41935483870967744,2.7472159520382204,1.8145049579284438,3.664623655913979,0.8849924611414882,0.12558411214953272,0.3358026282972198,0.0,0.0
891654,0.31863608315319886,1.0934014636459874e-15,0.2891379845166155,0.45716227688511946,0.3323594548442889,33,0.007965404457486915,0.11902230539609357,9,0.0,0.2891374005658156,1.5625,4.8271875,0.05811885643369058,0.8455528846153846,0.0,0.02428626775113147,1.4310287031514655,0.0,0.4294827675553244,1.536462609676625,4.8271875,0.8849924611414882,0.8502331002331002,0.3600238571179704,0.0,0.0
896027,0.34937794827179125,1.8470859099199488,0.6710636324395448,0.42116652315075676,0.367084014540953,42,0.2193016690856458,0.42760341046981004,4,0.0,0.693336661669093,1.5853658536585367,2.9271951219512196,0.09713808848846382,0.22253417314392923,0.07317073170731707,0.09986493417457726,0.3403002829135712,0.2682926829268293,0.3934658051978209,1.4821086024551122,2.9271951219512196,0.8849924611414882,0.24104526425954997,0.4295910153157225,0.07142857142857142,0.26066118021500656
896085,2.195360477119889,-2.9668948886547923,0.5592398248196827,0.8187769781641899,0.175389963838565,65,0.5285023081897601,0.22942587756066415,4,-2.6702053997893134,0.5926952348112171,9.609375,2.297370268059147,0.06646022597214588,0.2936538859633663,0.203125,0.10342286134444924,1.642749969618954,0.34375,4.444332205503458,9.238213522211632,2.297370268059147,0.8849924611414882,0.2891361338716222,0.43005695795039445,0.2,0.4031128874149275
899736,0.6666520222576997,-4.0371746350005696e-15,0.497162992380306,0.5952301874763173,0.3746943788327086,33,0.059732921233899665,0.4349234263826686,6,0.0,0.6866730992089815,2.28125,3.4509375,0.25413081893732703,0.6061009906451628,0.0985576923076923,0.18798726526611748,1.9482985912978363,0.4375,0.6502187413044538,1.915959882744078,3.4509375,0.8849924611414882,0.5975467037713554,0.45477485719128685,0.12587412587412586,0.33075703343911816
902659,0.7743550422746346,2.6761941967287997,0.17252953085093717,0.6285386275354697,0.4031264573827217,43,0.09445819711079068,0.5204755042263537,6,0.0,0.3945029838325495,2.761904761904762,1.7965079365079366,0.13254671435379614,0.15431266846361186,0.09523809523809523,0.19167074851396523,2.3349215728993196,0.0,0.9636304985132231,2.6211954661929653,1.7965079365079366,0.8849924611414882,0.15072400175515577,0.34801384014426456,0.09302325581395349,0.29390259873217905
906838,1.3311852211141322,6.48475709871998,3.574508611952627,0.876874100868239,0.2533880314741548,63,0.06330206861619136,0.42794395036713284,4,0.0,3.306437143230867,5.145161290322581,5.579169110459434,0.07846171626686067,0.8572307187933593,0.14516129032258066,0.10287307396533199,3.279931545897056,0.24193548387096775,1.3786279847533636,3.969451741376286,5.579169110459434,0.8849924611414882,0.8594968978601314,0.22867817910600508,0.14285714285714285,0.3527378107513292
906844,1.1294900396628302,-3.2380647830615676,-8.190169853792139e-17,0.7217345116449461,0.33656944261205224,61,0.4035299785038886,0.0,9,-2.914258304755411,0.028913214500861567,3.7333333333333334,9.585686507936508,0.0,0.9884126984126984,0.016666666666666666,0.028746135183393116,3.2573626444432433,0.0,7.904315013892563,3.7333333333333334,9.585686507936508,0.8849924611414882,0.9886026541764247,0.0890161165247753,0.01639344262295082,0.128036879932896
916993,2.3877886105517394,5.298971534973763,0.5569349817685467,0.8207308087867138,0.17533843375381478,65,0.4989443015595991,0.22126658170845104,4,0.0,0.5906208760651948,11.71875,2.2875820537743103,0.06310759330448326,0.4261189607254823,0.203125,0.10358314571526733,1.488171463387385,0.34375,2.423917461126824,11.290000936677751,2.2875820537743103,0.8849924611414882,0.4195632844066287,0.46748691389043645,0.2,0.4031128874149275
918025,0.37753069867572975,0.09856223565936988,-0.2184403892553656,0.18132734394155725,0.38229700181422704,30,0.30314675765733035,0.3766792136165821,4,0.0,-0.10721695785632637,1.5862068965517242,2.7170114942528736,0.11001518842912701,0.06896551724137931,0.0,0.09868270461336695,0.0,0.13793103448275862,0.4731410603239825,1.6050277727462008,2.7170114942528736,0.8849924611414882,0.06666666666666667,0.2537081317024625,0.0,0.0
920978,0.5579413435121637,-4.922686995979468e-15,-2.0248876565200065,0.23034409018222646,0.4657912262701224,53,0.322560999987147,0.2527133687508949,9,-4.405928082603025e-15,-1.7489920346288945,2.0384615384615383,1.9132211538461539,0.00538908158254892,0.038461538461538464,0.0,0.02809471687524404,0.0,0.2692307692307692,0.721620836292486,2.057765810622086,1.9132211538461539,0.8849924611414882,0.03773584905660377,0.1923802475610973,0.0,0.0
924760,0.8049185953994872,14.990941907951683,-3.5050995499489335,0.2891297602333832,0.5876220888914491,47,0.28080129689616706,0.4761831952751247,5,0.0,-1.7489920346288945,2.9130434782608696,0.560141304347826,0.05611015393624089,0.34782608695652173,0.0,0.0567588100616791,0.023882875840611082,0.0,1.167334615758103,3.2134162249185336,0.560141304347826,0.8849924611414882,0.3404255319148936,0.47897516249850763,0.0,0.0
925275,0.42790764295010963,8.673617379884035e-17,0.125208305063796,0.7269248276249689,0.24245819695876972,32,0.0009199923362970083,0.15064444235008903,2,0.0,0.11268747455741637,1.7419354838709677,4.022258064516129,0.24109468836614129,0.4196806777451939,0.0,0.30635059251131314,1.5123002594905954,0.3225806451612903,0.5278284905179403,1.6952470637212604,4.022258064516129,0.8849924611414882,0.4378156565656566,0.5037363768466572,0.0,0.0
931324,0.7806026785397591,1.9887950642744765,0.7904447088966643,0.6166669537368683,0.32151965444375663,60,0.06346793067326237,0.27096215628781095,6,0.0,0.950626644073704,2.5254237288135593,3.1349293785310737,0.18996855012052846,0.7798209146146466,0.01694915254237288,0.18549658760387516,1.4574516102800399,0.2711864406779661,0.7458196967591145,2.108168786053566,3.1349293785310737,0.8849924611414882,0.7834905660377359,0.41515039087213906,0.016666666666666666,0.12909944487358058
936508,1.2487927172111593,-0.4559256060119225,4.203608076293549,0.47173736566677993,0.6028103192899187,59,0.13552670322133906,0.6657426148551304,6,-0.4089101160584785,4.0224736747309,5.068965517241379,1.5238733237547892,0.17037844511263833,0.034642401021711365,0.017241379310344827,0.18927496077825617,4.520678426188902,0.25862068965517243,1.1100495136571726,2.5543401872955904,1.5238733237547892,0.8849924611414882,0.03405524168236033,0.1824951545981916,0.01694915254237288,0.13018891098082389
941658,0.5628291464981193,-8.673617379884035e-16,2.499300947910801,0.8129176680692153,0.2586231514502979,32,0.020976310078524716,0.40320004356089834,6,0.0,2.488597259186427,2.064516129032258,3.0506451612903223,0.20092786022409725,0.3382171989628716,0.25806451612903225,0.1893624808235507,3.6755890363812953,0.3225806451612903,0.2248673566266436,1.2521566148986192,3.0506451612903223,0.8849924611414882,0.3388507416839611,0.38280998201529187,0.25,0.43994134506405985
944137,1.8929381226700084,-0.04743704671487974,2.5487860921383794,0.28160603129955963,0.4607067879391652,65,0.205934693629431,0.15466855105022184,9,-0.042693342043391744,2.3228206974254033,7.5,4.074821428571429,0.018088375701157657,0.5626433486238532,0.0,0.028272024336330553,1.5541842385915172,0.25,2.0328637234812437,7.191407906377332,4.074821428571429,0.8849924611414882,0.5693719124911786,0.49887529457361446,0.0,0.0
944534,2.3660587744709316,0.017303169720317937,2.124679905525429,0.875572987835072,0.2015438548657793,65,0.40355892056590464,0.48241706071492363,6,0.0,2.151438321039592,12.46875,4.210921562356196,0.10331860720380982,0.0,0.265625,0.1888379480480441,4.688747684553874,0.25,2.3009419032754233,9.983581595784518,4.210921562356196,0.8849924611414882,0.0,0.0,0.26153846153846155,0.4428925898610702
948239,0.18075012413476502,1.423362852083534e-16,-1.4233628520835342e-17,0.49525365568831436,0.24139106590822043,39,0.4115924416466557,0.0,11,-0.00892643509859026,-1.444713294864787e-17,1.2894736842105263,7.756666666666667,0.0,0.9736842105263158,0.0,0.007159464976766085,1.3641906425452062,0.0,0.27252041100548274,1.2894736842105263,7.756666666666667,0.8849924611414882,0.9743589743589743,0.16012815380508716,0.0,0.0
948650,1.5038306544413085,-0.8043464731719223,2.508390065407335,0.9393405183420498,0.28293004240275055,53,0.20135634739326777,0.7719518233226885,6,-0.7224888965024784,2.4967774649333077,10.173076923076923,7.460316078422313,0.13687437820545603,0.0,0.11538461538461539,0.18730838592909038,4.672828834461906,0.19230769230769232,3.429911934957883,7.2282708925672186,7.460316078422313,0.8849924611414882,0.0,0.0,0.11320754716981132,0.31987842392976584
948670,1.9553639430289598,-0.007944793047459738,-4.099285014000578e-16,0.5807634274508537,0.296813569757931,65,1.0,0.0,7,-0.06430799395776014,-3.678471973143411e-16,7.78125,8.17429286360341,0.0,0.0,0.0,0.05832463810983876,0.0,0.0,2.1868277168312544,7.781250000000002,8.17429286360341,0.8849924611414882,0.0,0.0,0.0,0.0
950638,0.6644493464414513,9.153434511537195e-16,-0.5626754990673803,0.7692964426774102,0.2905770726704176,47,0.0,0.2709679749098845,2,0.0,-0.5064079491606424,2.369565217391304,15.989999999999998,0.33362336967851286,0.8085437023929279,0.30434782608695654,0.19933254793961555,3.883428492264625,0.13043478260869565,1.0316560121710072,2.8057082767224366,15.989999999999998,0.8849924611414882,0.812617240639887,0.27395120474049733,0.2978723404255319,0.46226726774346905
951412,2.5403344449010805,-2.2594339664624656,0.4536689842289767,0.8977163970175718,0.17124146971789006,65,0.42670920857584815,0.5178851445958874,7,-2.0906482500312653,0.4083020858060791,15.171875,3.720764831431148,0.046878218971684725,0.0,0.0,0.04753954353131604,4.677488493845759,0.125,5.447266791250804,14.884239632278955,3.720764831431148,0.8849924611414882,0.0,0.0,0.0,0.0
955370,1.0072676315489069,-0.2085261867770461,2.00607774870565,0.6542714747099878,0.5243203953803764,48,0.09275628940133529,0.6372815386370773,6,-0.18625063874708975,2.044696379901791,4.170212765957447,1.7686879432624112,0.11844600006083911,0.17776894014714656,0.0851063829787234,0.1875340595380765,3.1989491741007323,0.0,1.291988141107795,3.2732420619086247,1.7686879432624112,0.8849924611414882,0.17406542056074767,0.3589482236994696,0.08333333333333333,0.279310193865464
961979,1.6616443792051832,-0.43748963246758277,-2.6591081402065573,0.5722433240872016,0.294247063516246,65,0.18950672522199716,0.5618060529560571,4,-0.39374066922082446,-1.7489920346288945,5.796875,4.936018358811328,0.10428947027143419,0.00014740566037735848,0.1875,0.10158927392417687,4.680669564583312,0.0,2.568350643507903,6.95680579879763,4.936018358811328,0.8849924611414882,0.00014513788098693758,0.0011701390055585705,0.18461538461538463,0.39100462322665114
965842,2.0515292837218526,0.16859482339142123,3.8422519972911147,0.5780271226117109,0.43288360396668957,65,0.1627881126083494,0.22818235177859336,5,0.0,3.5066041077594776,9.609375,3.0283706549526865,0.07493057087003993,0.6302115613886813,0.0,0.05242113068690923,1.6852670127169638,0.25,1.9999873368372014,7.388962530702778,3.0283706549526865,0.8849924611414882,0.635900614290394,0.4798685839947466,0.0,0.0
968072,1.465571260042602,2.077220296764645,3.0789069841496177,0.8780645544521917,0.2729751625578642,61,0.4006239494186392,0.5488033260284958,6,0.0,3.010242691801362,5.966666666666667,9.307509762092952,0.08036714762962681,0.0,0.0,0.19001744335752807,4.672512903928707,0.25,1.5442638053655944,4.684521637551642,9.307509762092952,0.8849924611414882,0.0,0.0,0.0,0.0
970747,1.4539129810131364,0.270294591200381,2.9206435565696682,0.8792145630114563,0.29446330045895674,64,0.27167408979847213,0.6352324412152476,6,0.0,2.8678056069794073,5.634920634920635,14.511459400387972,0.4015154650060683,0.0,0.15873015873015872,0.18033406346022335,4.491556218050695,0.25396825396825395,0.5775147612505365,1.7816052099218187,14.511459400387972,0.8849924611414882,0.0,0.0,0.15625,0.36596252735569995
971922,2.5259119790580975,0.9604646684623366,0.2117020490146206,0.8589027041900212,0.10682629729424735,64,0.5556588408342436,0.3498824819077126,0,0.0,0.28699251087661615,13.031746031746032,3.463705316671169,0.11375425434436744,0.0,0.25396825396825395,0.04500839262024364,4.663277362098178,0.0,2.5347417639837087,12.613173251827325,3.463705316671169,0.8849924611414882,0.0,0.0,0.265625,0.4451569190068627
974177,0.4145287604801667,0.02059296504314945,4.2164285702950535,0.24905974725440094,0.38215366687117425,46,0.21828132530053887,0.6961089971346207,9,0.0,3.8236989277664097,1.6444444444444444,2.802592592592593,0.00841420915042438,0.08888888888888889,0.0,0.02950677733921274,0.0,0.0,0.46522920092736997,1.5923791218354677,2.802592592592593,0.8849924611414882,0.08695652173913043,0.2848849246447679,0.0,0.0
974579,0.45363272916951275,-1.32169407693471e-15,-0.27600992442257744,0.6426397067028009,0.3130483863005292,42,0.08152586140559927,0.12259917033945282,9,-1.165034455462743e-15,-0.21949571747945804,1.8048780487804879,1.9834146341463417,0.05661819631226106,0.8644491133527759,0.07317073170731707,0.02370063264640006,2.3523574343735962,0.17073170731707318,0.6029204781218154,1.8274480366535129,1.9834146341463417,0.8849924611414882,0.8676765154158049,0.3288633669297175,0.07142857142857142,0.2606611802150066
977543,0.6017126367806014,-6.28428127146315e-16,-0.46866630749306915,0.621025340968288,0.3694812839937076,53,0.04289280323994619,0.6086027927018337,6,0.0,-0.18257327067705617,2.25,2.6053846153846156,0.39051284259820673,0.157338541925646,0.07692307692307693,0.1823776515373908,4.017623741833867,0.11538461538461539,0.8822274231308778,2.4162757853680685,2.6053846153846156,0.8849924611414882,0.15436989019119984,0.36007983382124226,0.07547169811320754,0.26667876121581074
978387,0.5288188195447181,13.679370988918057,-0.44562578764920785,0.2508274975385898,0.4776155982576845,44,0.4224350553570096,0.3060719375803623,9,0.0,-0.37214999438342544,2.0,1.6663953488372094,0.010335917312661497,0.0,0.0,0.02721105106718961,4.682345567940613,0.27906976744186046,0.6969936921297998,2.0077078377797704,1.6663953488372094,0.8849924611414882,0.0,0.0,0.0,0.0
982469,1.7187417138568166,-2.4054832200211726e-15,-3.5803909076196434,0.6797546017781515,0.4860599155351193,60,0.05008624717667568,0.6035529403684388,8,-2.1972088231535076e-15,-1.7489920346288945,7.915254237288136,13.193389830508474,0.13223942027589322,1.0,0.0,0.10063037901876899,1.9640259068592816,0.13559322033898305,2.3000775064896635,9.974955548643507,13.193389830508474,0.8849924611414882,1.0,0.0,0.0,0.0
985999,2.4073590316063997,1.2679151211018542,6.336872089114753,0.9246452152385878,0.3150911251784182,64,0.19068128586759486,0.6702680455967241,6,0.0,5.9424112862699845,21.317460317460316,6.739114007490426,0.27493082745744096,0.0,0.11155202821869488,0.18355966647151442,4.681531047065789,0.23809523809523808,1.4257744181050618,4.161079010251941,6.739114007490426,0.8849924611414882,0.0,0.0,0.10980902777777778,0.31444226662967856
986727,0.6548899489247327,-8.22387425648264e-16,0.26197839782069793,0.9165979408720109,0.2284259519542559,27,0.01687083537777425,0.4881595476365275,8,-7.724226082178898e-16,0.26197839782069793,2.8461538461538463,7.930192307692308,0.09581688649273129,0.983824586628325,0.0,0.09182968438599473,2.5692922377113683,0.0,1.020866600775156,2.775599058327615,7.930192307692308,0.8849924611414882,0.9844236760124611,0.05625420606610967,0.0,0.0
988822,0.2628344235459338,-1.0744093786695064e-15,3.4890878822735627,0.43898908383078883,0.3238166616680113,31,0.08629446226226198,0.487328747533587,9,-9.424782270240597e-16,3.1690923085470684,1.4666666666666666,2.965166666666667,0.004180602006688963,0.5696357933074263,0.16666666666666666,0.02581699611009436,1.1168785345748202,0.0,0.3697435385916123,1.4473633742115342,2.965166666666667,0.8849924611414882,0.583518509652348,0.49821133680686386,0.16129032258064516,0.373878250552983
993638,2.1807080083061776,0.08112929923887038,0.7647947959119126,0.7037360465622675,0.3654736567054469,65,0.08095405800797043,0.7524269100587586,6,0.0,0.9275417223874274,11.546875,5.936357481060606,0.10742246244383302,0.0,0.265625,0.18864272165647578,4.610341960772814,0.0,2.346776021750278,10.451818911177435,5.936357481060606,0.8849924611414882,0.0,0.0,0.26153846153846155,0.4428925898610702
995598,0.4607118546817889,-0.2307346610275302,1.189839120278564,0.6517243249231249,0.31837855939893167,49,0.1422415572400641,0.32057443363654853,4,-0.20766119492477714,1.1602346007242104,1.875,2.7289999999999996,0.16146468503609873,1.0,0.0,0.0997507508365403,2.543638935395634,0.0,0.6497501369724136,1.5546831223848545,2.7289999999999996,0.8849924611414882,1.0,0.0,0.0,0.0
996016,1.2759834212461283,4.705485393688333,3.881531582647404,0.905847039104215,0.2795869576687259,30,0.04126025469440936,0.5872538938198983,6,0.0,3.7326048304493695,5.344827586206897,1.6715689655172412,0.26683792600781253,0.7934227604537781,0.06896551724137931,0.1835937164999788,2.2106809302283237,0.034482758620689655,0.6801287553689201,1.9741318959481846,1.6715689655172412,0.8849924611414882,0.8003086684386521,0.3798641043651677,0.06666666666666667,0.2537081317024625
996955,0.6097924913747149,4.685347044208232,0.9646066676345763,0.8497025103289458,0.27153465249176406,35,0.781195036990852,0.06855895145417866,0,0.0,0.9646066676345761,2.4411764705882355,5.000720238095238,0.023569443545979746,0.0,0.11764705882352941,0.06951884423215182,4.546006378339466,0.38235294117647056,0.8697448407835477,2.38630188891592,5.000720238095238,0.8849924611414882,0.0,0.0,0.14285714285714285,0.3550358012483632
999250,1.3342621941755834,-0.03187765018772121,-0.5770022088883665,0.4126541379784341,0.38715103812853024,63,0.06300256894502096,0.4940415468783133,4,-0.02868988516894904,-0.4299225955260272,4.258064516129032,4.925742703533026,0.1063567718651021,0.0001536098310291859,0.1935483870967742,0.10161811217113226,4.679710779158234,0.0,1.5402852040615966,4.457285272946233,4.925742703533026,0.8849924611414882,0.00015117157974300834,0.0011998872159023084,0.19047619047619047,0.39583080684778643
999858,2.0929851165141007,0.6402875311776941,9.147614411795091,0.9348891110997594,0.29438679759284647,65,0.15404899040456538,0.34910452820306886,6,0.0,8.472079376682288,17.65625,4.252698845855564,0.04708507390590334,0.0,0.1875,0.19035930962720393,4.6815377197329635,0.25,2.4721813447589494,11.84826383175428,4.252698845855564,0.8849924611414882,0.0,0.0,0.18461538461538463,0.39100462322665114
1000753,2.2690859128643446,1.0664991948801958,5.068014595798625,0.908873462521019,0.27922427881298617,64,0.23826572294729406,0.7125868233571754,6,0.0,4.800439542285469,14.26984126984127,9.515315438840963,0.14103119231456884,0.0,0.031746031746031744,0.18636161369245244,4.68899358500341,0.25396825396825395,1.981136595797565,7.250979736442516,9.515315438840963,0.8849924611414882,0.0,0.0,0.03125,0.17536809360305042
1001521,0.6017851671604992,4.579669976578771e-15,-1.3853357522806355,0.4672143711762031,0.5267249251466409,40,0.029055084622362247,0.17983708739410745,5,0.0,-1.1982248668550977,2.4871794871794872,0.872051282051282,0.10746182656295016,0.23076923076923078,0.0,0.04645535461174906,1.724817743537045,0.0,1.039912765199133,2.828970218933434,0.872051282051282,0.8849924611414882,0.225,0.42290206176626033,0.0,0.0
1006062,0.8682629258922608,3.2930343950746166e-15,3.156033646037876,0.6270332085502148,0.4209358636822783,59,0.10330076251991809,0.3667708821810444,6,0.0,3.0796566875007945,3.0172413793103448,1.2520689655172415,0.1865264309412618,1.0,0.0,0.18660007226821615,1.112436733897959,0.27586206896551724,0.5299055929331826,1.6987719249733666,1.2520689655172415,0.8849924611414882,1.0,0.0,0.0,0.0
1006649,0.5908815949888133,0.47777395008334844,-0.49793463985996206,0.3490717761059273,0.4759227301895599,51,0.2597803497994616,0.5557188954259259,4,0.0,-0.35876178340046316,2.18,2.0638666666666667,0.11398004711283725,0.06091743119266055,0.04,0.10135476860526588,1.6681524616264394,0.18,0.820216561775268,2.2709915942539,2.0638666666666667,0.8849924611414882,0.059722971757510346,0.23749508200593122,0.0392156862745098,0.19603921176392136
1014206,1.2442262867617193,8.123789460147458,1.0265226958044418,0.4298430518662403,0.5153865911103142,59,0.5884067633031909,0.36712825444352537,5,0.0,0.972447736421472,4.293103448275862,0.6637485632183908,0.030956296045525623,0.13793103448275862,0.0,0.05263874865548623,0.02390162691586018,0.0,1.426906505900824,4.165792384489977,0.6637485632183908,0.8849924611414882,0.13559322033898305,0.3452948324729956,0.0,0.0
1017982,0.8282333890534539,0.24937086573319708,1.217133389959431e-15,0.2047142450630164,0.5197697345505455,45,1.0,0.0,5,0.0,0.04857731019747549,2.727272727272727,1.355936147186147,0.0,0.0,0.0,0.05151488427223186,0.0,0.0,1.0033021088637848,2.727272727272727,1.355936147186147,0.8849924611414882,0.0,0.0,0.0,0.0
1018740,1.8690951630357986,-1.6810845622599657,3.5745866125001946,0.9674103027888667,0.20978090382025438,63,0.2132659295603648,0.7849378865348557,6,-1.5115531766817174,3.456354357316881,12.080645161290322,5.510885259514401,0.07541996649407165,0.0,0.03225806451612903,0.18994805749490842,4.622844750932735,0.0,4.8107324789217785,9.308486106346528,5.510885259514401,0.8849924611414882,0.0,0.0,0.031746031746031744,0.17673143177130224
1020784,0.27260097733835964,7.806255641895632e-16,-1.3609573617850546,0.05308448531012622,0.4225744206348435,32,0.31523912632334317,0.6847608736766568,10,0.0,-1.344949410182594,1.4838709677419355,0.9190322580645162,0.008155128669807901,0.0,0.0,0.003252914068853348,0.0,0.0,0.40562242749837,1.5002359976483248,0.9190322580645162,0.8849924611414882,0.0,0.0,0.0,0.0
1026945,0.4094077589298893,0.0,0.2891263055006174,0.8741989028726644,0.12988206147131004,23,0.28457211700291707,0.11357158074431768,9,0.0,0.28912688945141735,1.6363636363636365,3.421818181818182,0.057444971235218856,1.0,0.0,0.02809824052928234,3.5739841792664917,0.0,0.4758675992499293,1.6094099147714824,3.421818181818182,0.8849924611414882,1.0,0.0,0.0,0.0
1027168,2.0765042870617014,6.454526600583215,-0.029821226354868474,0.7096318844406951,0.2700264514254365,64,0.06266355500076574,0.21519458946896042,9,0.0,0.002074110781480013,9.015873015873016,3.4808375244684773,0.08687478989940886,0.8759180406511718,0.15873015873015872,0.02467827160399664,3.135153079744057,0.25396825396825395,2.1988065043912495,9.014248610655196,3.4808375244684773,0.8849924611414882,0.8778568212659973,0.2867860011226113,0.15625,0.36596252735569995
1029688,0.8267954686415082,21.504478476573716,-1.8503717077085944e-17,0.5977632725446427,0.3841387856193711,50,0.49717122704635747,0.0,11,0.0,-1.8290212649273415e-17,2.7346938775510203,16.64799319727891,0.0,0.9893522626441882,0.02040816326530612,0.008248267139429106,3.6668321184384625,0.0,1.0060195018402847,2.7346938775510203,16.64799319727891,0.8849924611414882,0.9895652173913043,0.07378505542816147,0.02,0.14142135623730948
1034176,1.3376164258607504,8.864106082385879,1.0744093786695065e-16,0.5648117228091194,0.31641475914583955,62,0.33839676863619034,0.0,9,0.0,0.028913214500861737,4.163934426229508,11.822632058287796,0.0,0.9808585138553544,0.032263690268573425,0.027505082431613675,3.895858113223772,0.0,1.4264604028452252,4.163934426229508,11.822632058287796,0.8849924611414882,0.9811672475028487,0.10399356124143333,0.0317433081674674,0.17530840464870057
1036486,0.5896539237218956,-16.635802686363103,3.577714769956608,0.387897416689577,0.5016746550339091,37,0.7676838047985883,0.23231619520141172,9,-3.7131863673750805,3.248856507461809,2.1666666666666665,3.2285216049382717,0.0009384384384384385,0.0,0.0,0.029136224123479142,0.0,0.0,5.122085782246773,2.160070880936207,3.2285216049382717,0.8849924611414882,0.0,0.0,0.0,0.0
1038663,1.9327444863090073,-6.319731063250891e-15,1.1403773786726246,0.6660659252293014,0.33166829218266597,65,0.30231510125357675,0.4007578447004449,9,-5.6632677431473056e-15,1.055252855306224,8.046875,8.65859375,0.08823398733586879,0.11469457236631576,0.046875,0.02481458613727318,4.168487554178038,0.25,1.9921746502328481,7.33145980001357,8.65859375,0.8849924611414882,0.11293004048375704,0.31082548109566843,0.046153846153846156,0.21145103088313016
1038985,1.7098723978616508,0.895118529381476,1.5715714401190073,0.47414331491876294,0.3108448640709257,63,0.1083642112433645,0.37388177584041965,4,0.0,1.5037936885806094,6.0,3.008225806451613,0.0666868549425763,0.4375747738843882,0.0,0.10295397968324317,0.3643602869223398,0.3548387096774194,1.6914761976541182,5.427486837697829,3.008225806451613,0.8849924611414882,0.4310741803811054,0.4967494476980841,0.0,0.0
1040807,2.519450725014128,-1.4745681877720955,5.471157527966345,0.9354162109525611,0.12946326549685094,65,0.3195181213774153,0.6497579859325177,0,-1.2310649021486522,5.020502441933168,14.265625,4.480425544808253,0.08608779520981934,0.0,0.125,0.05198738930650072,4.564331161208334,0.0,4.0718990405192494,9.259488514929195,4.480425544808253,0.8849924611414882,0.0,0.0,0.12307692307692308,0.33108214179472834
1042438,2.52218962300192,-0.6279286024508586,0.4857731019747441,0.8871230651936602,0.1738019236799509,65,0.06225841859970456,0.08354008440016296,5,-0.5482762598666306,0.4857731019747441,14.109375,2.78701678936749,0.0714148768793859,0.9477260864547943,0.17403590425531915,0.05271864907390637,3.8624448111117005,0.0,3.1741157337679167,13.628293604655003,2.78701678936749,0.8849924611414882,0.9470924859874092,0.1017801587351215,0.18674304418985269,0.3903600822784055
1043751,2.296811850206765,1.634245778598468,4.1326490909750015,0.9309578160991393,0.19742423086440375,65,0.3081361511324718,0.6910041666681873,0,0.0,3.815844848640959,13.515625,4.243564242351275,0.046635173725554806,0.0,0.0,0.05934501191446091,4.595889710275321,0.0,2.4258938361460727,11.312336276730095,4.243564242351275,0.8849924611414882,0.0,0.0,0.0,0.0
1049788,2.449011748425421,-2.359743120875716,-0.0025972871324450118,0.7360793902502983,0.23230839887238824,65,0.8400903497455681,0.00016958251882858585,7,-2.1809264890031907,-0.0023375584192005094,12.671875,4.780690534212895,0.00035689286766872976,0.0,0.0,0.058235414892921576,0.0,0.125,5.95163067427102,12.671885571616588,4.780690534212895,0.8849924611414882,0.0,0.0,0.0,0.0
1051211,2.3040232491617174,-3.14758513852873,0.25690692379237856,0.8423593639416411,0.12584387773708192,65,0.4154959025487556,0.4108427931176687,5,-2.815967142336715,0.2797935416106151,10.53125,2.4487203412651484,0.0542298496084749,0.9528567483041568,0.0625,0.05413577073597549,1.402150622013722,0.109375,4.861057108501745,10.372663810501505,2.4487203412651484,0.8849924611414882,0.9427984201850275,0.20088967366960125,0.07692307692307693,0.26854307776478736
1051323,2.0688110265316944,-1.503071171800212e-14,2.6001977775703833,0.6408750340583134,0.30343201386923735,65,0.024481559919333085,0.596546137725259,9,-1.3503150332423412e-14,2.369091214314207,8.90625,6.916875,0.043143951732831,0.13312388258532046,0.09331597222222222,0.0270622364952116,4.090173370410318,0.25,2.084541320467904,8.040902438349766,6.916875,0.8849924611414882,0.13236985592297262,0.3282052621133131,0.10726495726495727,0.3111807385456005
1052294,0.419379707247867,-1.3348165849960814,-1.9245723733761377,0.6117501144647897,0.29612696349417306,46,0.6659757102000606,0.3340242897999394,11,-1.2102613615950637,-1.732115136038524,1.711111111111111,33.638259259259264,0.022903081939278955,0.0,0.0,0.0,0.0,0.0,4.8316861125520045,1.7803566456741013,33.638259259259264,0.8849924611414882,0.0,0.0,0.0,0.0
1055503,2.0308392118740155,1.9851019850251252,0.5195140544982828,0.9391888033785865,0.2508530025632283,30,0.3204644767761055,0.04311480464678679,4,0.0,0.5569420415219573,13.379310344827585,4.381488693768282,0.07240422677824976,0.0,0.20689655172413793,0.09715869598886015,4.556288174325396,0.0,2.5533845517601024,12.850523525046768,4.381488693768282,0.8849924611414882,0.0,0.0,0.2,0.4068381021724863
1055853,2.062896589631777,-2.2551405187698492e-15,2.0656883265965926,0.5752763110701926,0.45659577179182465,64,0.07250624891137317,0.39564366244085053,6,0.0,2.0983459000036393,9.682539682539682,0.798843537414966,0.2635659404965479,0.2955100629899951,0.12698412698412698,0.18447096613166894,1.8726695849045303,0.25396825396825395,1.7172717201542897,5.569313073179604,0.798843537414966,0.8849924611414882,0.2916367658748241,0.4334038439100533,0.140625,0.35038244411336755
1059902,1.4530756455660367,7.401486830834376e-15,2.6631288566806806,0.4361973734771568,0.39298065330654536,63,0.07983802123371853,0.7657527836747898,4,0.0,2.4861953634861154,4.887096774193548,5.464709677419355,0.1265550664561163,0.034562211981566816,0.014976958525345623,0.09993719471984722,0.0425654408002461,0.0,1.271957801015404,3.5678308319204577,5.464709677419355,0.8849924611414882,0.03401360544217687,0.17723330104191226,0.01473922902494331,0.11698900355047509
1063920,0.13862943611198905,1.1102230246251565e-16,-0.35635036790744373,0.3879458241176107,0.21689405722042548,25,0.3635778513663589,0.6364221486336412,1,0.0,-0.31482939248603914,1.2083333333333333,4.375416666666667,0.05740026943483706,0.0,0.0,0.011323658751099384,0.0,0.0,0.20731329159323306,1.2303679753490115,4.375416666666667,0.8849924611414882,0.0,0.0,0.0,0.0
1068292,1.784442887647446,-7.504757950301878,1.8616152339542258,0.8683202193730262,0.22650786199938513,64,0.4070906657660817,0.3718918548334944,4,-3.7131863673750805,1.764833103032306,7.301587301587301,4.129330016425978,0.08761678680057412,0.0,0.12698412698412698,0.10273333304167591,4.672671445125728,0.25396825396825395,7.099188674672999,6.25551051293528,4.129330016425978,0.8849924611414882,0.0,0.0,0.125,0.3333333333333333
1070702,1.9206302038364453,2.341655348952699,4.2235384483785205,0.9187311571164347,0.36501678319559383,58,0.2308609118289249,0.5848071182883048,6,0.0,4.040411009607375,15.017543859649123,9.685716606928851,0.23462877642080568,0.0,0.0,0.18467856957680218,4.681795829849602,0.2631578947368421,1.7612224168858615,5.819546960563061,9.685716606928851,0.8849924611414882,0.0,0.0,0.0,0.0
1070845,1.482329264703251,-0.7991251088652208,5.49215090477343,0.8749197068076383,0.19364944039016158,63,0.3775215217282471,0.5372497106013717,4,-0.7192125979786987,5.0323152067695895,5.080645161290323,5.10875424754457,0.0751229871196292,0.0,0.483569490503467,0.10339107834721993,4.660109285966555,0.0,2.420399508465785,3.4812648950021727,5.10875424754457,0.8849924611414882,0.0,0.0,0.49176680017801516,0.5036541839591061
1071302,0.69891009489069,2.4271617102267538,-3.6202924716037714e-17,0.8091481543922245,0.28432932147959233,46,0.9258105572627503,0.0,7,0.0,-3.1494178298723005e-17,2.533333333333333,7.314196296296296,0.0,0.0,0.0,0.050260102145927216,0.0,0.28888888888888886,0.9295359586241757,2.533333333333333,7.314196296296296,0.8849924611414882,0.0,0.0,0.0,0.0
1074754,1.9867282370805055,0.08019349141741226,0.011614512786942682,0.7756798714114606,0.2918622458352167,65,0.05079423638423078,0.1800351487885884,4,0.0,0.0998324539817511,8.671875,2.784825878267974,0.07073353922576141,0.9387419995147825,0.17413194444444444,0.10302198001158536,3.8160739164417827,0.0,2.1530235275870404,8.610854233132292,2.784825878267974,0.8849924611414882,0.9375277085085882,0.12004144321339606,0.18683760683760683,0.390348907652632
1082212,2.2253247815225103,4.18169196642189,0.5107868948982457,0.7082109491039837,0.2412906014377591,64,0.19893107285923,0.3403323244448371,4,0.0,0.5490875978819239,10.19047619047619,2.339718073593074,0.1122005809760007,0.8412698412698413,0.0,0.10142772776639056,1.289463183363878,0.0,2.25984562980936,9.581609937640163,2.339718073593074,0.8849924611414882,0.84375,0.36596252735569995,0.0,0.0
1083446,1.0562288513409455,6.744024706900848,0.7547769575356997,0.5461466239109737,0.4214001230374643,63,0.1513706491163116,0.37964688885956593,4,0.0,0.7686786542556324,3.403225806451613,6.550701484895033,0.10608829014063423,0.9214042027135819,0.08064516129032258,0.1011793532563401,2.448386620091765,0.24193548387096775,1.143175944333391,3.1367145934306917,6.550701484895033,0.8849924611414882,0.9226517550514617,0.24129161543345917,0.07936507936507936,0.27247890131917835
1087102,2.022465480989947,0.001591325744509589,8.221897006150702,0.8774308583071663,0.2801607345981908,65,0.4070642890750257,0.5231473180981882,6,0.0,7.638933711602338,9.65625,5.293138462748364,0.07343174065309954,0.0,0.4684551886792453,0.18966352394280458,4.6596087153000925,0.0,1.706665174921417,5.510554068034622,5.293138462748364,0.8849924611414882,0.0,0.0,0.47663280116110307,0.5030531219657192
1092264,0.9773490076032764,-5.380538933967516,5.501105076971497e-17,0.8316818349334008,0.45052309255401046,37,1.0,0.0,7,-3.7131863673750805,5.0598399638454413e-17,4.638888888888889,1.6794863543595426,0.0,0.0,0.0,0.0590471556886161,0.0,0.0,3.4597174665690202,4.6388888888888875,1.6794863543595426,0.8849924611414882,0.0,0.0,0.0,0.0
1094955,2.458901935335811,0.23878466348501745,2.530795438236526,0.9024405703987723,0.16889446494103405,65,0.24466671505991625,0.35467452487919254,5,0.0,2.326293204610348,13.8125,1.334279208346537,0.05251768868088268,0.9486434823960547,0.078125,0.054209696938383484,3.178419788745014,0.0,2.5034024369777925,12.224014724472415,1.334279208346537,0.8849924611414882,0.9494335826668846,0.1612435648331035,0.07692307692307693,0.26854307776478736
1097195,0.5690677975056571,-1.830686902307439e-15,-1.3842764539577819,0.40900748547762833,0.41347717433925935,47,0.07745096959493875,0.3603732567488844,4,-1.601195045371405e-15,-1.156469416088501,2.0217391304347827,2.579565217391304,0.20072427948161362,1.0,0.0,0.09692472797106545,2.0441001742499174,0.13043478260869565,0.9360895869510493,2.5499903808589606,2.579565217391304,0.8849924611414882,1.0,0.0,0.0,0.0
1098844,1.5085908743612848,-2.5460249662983707,9.765057373526332,0.8403331460464238,0.4580791130802265,34,0.08372060700472181,0.44412186269110215,4,-2.2914224696685337,8.49548505891705,9.303030303030303,6.847269841269841,0.0377728945813222,0.550552251486831,0.0,0.09564789461774707,1.399075132779917,0.15151515151515152,6.317794264632599,6.749315717585065,6.847269841269841,0.8849924611414882,0.5637713029136888,0.49857184980032254,0.0,0.0
1108094,1.3353087683737874,11.822002295607211,2.6189876478337027e-16,0.6176428534288194,0.4027622435662052,65,0.4722923816414421,0.0,9,0.0,0.028913214500861876,4.515625,11.82451084505772,0.0,0.976599731883237,0.045759695630829655,0.029189240638055922,3.9137524621698274,0.0,1.5075436047527604,4.515625,11.82451084505772,0.8849924611414882,0.9769597360081103,0.10576474301662907,0.04505570031343228,0.20650388991191868
1108168,2.022013951084274,3.8522863238149427,0.06003802718970243,0.8632456205782157,0.2486498826396066,64,0.19171164067648905,0.25274524010283445,5,0.0,0.10261153466820658,9.238095238095237,2.040741341991342,0.04449506576969271,0.9212149819960234,0.09509637188208617,0.05524466568489952,2.9839268435320307,0.12698412698412698,2.218770014356114,9.196012942966934,2.040741341991342,0.8849924611414882,0.9224459979023355,0.21438583053367233,0.09361049107142858,0.2933494432280229
1117514,2.3163968401533404,-0.5027018034929421,6.6945722020485565,0.7923077695504492,0.28891240995447415,64,0.24037938229479536,0.5031750517938091,5,-0.4355721408045058,6.0736922920411756,12.666666666666666,2.0598294256024703,0.034654536369031694,0.6371267704543877,0.0,0.05578806586193423,1.7326810989357466,0.25396825396825395,2.643247404511226,10.262463115110954,2.0598294256024703,0.8849924611414882,0.6427966646660379,0.48077451687613193,0.0,0.0
1120275,0.4541699518492112,4.89804275569922e-16,2.080492330829263,0.18939681124601926,0.4547418709156295,51,0.07802443763976169,0.17184057952325268,9,0.0,1.9013563122471986,1.78,2.766,0.007063197026022305,0.58,0.0,0.029398727822654968,1.3787342597579908,0.0,0.5631837100539206,1.756255015776378,2.766,0.8849924611414882,0.5686274509803921,0.5001960399996911,0.0,0.0
1133850,0.7407553428606098,-0.2713009768180852,-0.7307349860250043,0.29653853999119006,0.492093299764628,30,0.347210957362192,0.12438826137635291,9,-0.24417087913627664,-0.6287482729216423,2.4827586206896552,3.165172413793104,0.028537455410225922,0.9310344827586207,0.0,0.02628639818632536,0.3265387231002161,0.1724137931034483,1.2086486901954123,2.527708509455079,3.165172413793104,0.8849924611414882,0.9333333333333333,0.2537081317024624,0.0,0.0
1138443,2.003423035260785,0.029042007109329086,8.03227864200013,0.8779302267897181,0.28954939047049016,65,0.45520216433520716,0.5037005961832307,6,0.0,7.468277183866823,9.59375,5.262552505752063,0.07419339196529161,0.0,0.45283294392523366,0.18964256872053817,4.660361447845392,0.0,1.7070150283793954,5.512482291708895,5.262552505752063,0.8849924611414882,0.0,0.0,0.4612508986340762,0.5020903297562435
1775642,0.7797905781299385,0.13003164046212315,-0.3840123971404748,0.1270589577904998,0.26795946618825855,32,0.5404478399771325,0.4595521600228675,8,0.0,-0.31941331764435754,2.2903225806451615,33.38935483870968,0.05426680113718339,0.0,0.0,0.1219758959744593,0.0,0.0,0.8460262115453436,2.3303680385087873,33.38935483870968,0.8849924611414882,0.0,0.0,0.0,0.0
5569845,2.415423443404436,0.6763147273094737,4.421760146145757,0.9386229162952912,0.2585029085349497,65,0.006129657683951439,0.9058545682611698,6,0.0,4.2188105375978875,20.828125,4.706520350111967,0.21477016372733862,0.859086602559955,0.109375,0.1856043630118813,3.2063155588555454,0.0,2.130229606924517,8.416799144959011,4.706520350111967,0.8849924611414882,0.8526276138505494,0.22638991439122025,0.12307692307692308,0.33108214179472834
6463727,0.9735888243008501,2.193408967872688,-0.7114591960843674,0.7307619251888579,0.34209526441498955,54,0.18849237258101742,0.42457162671347004,6,0.0,-0.4010868704092245,3.3207547169811322,2.848385744234801,0.24112322150157417,0.1837543808331334,0.1320754716981132,0.18337335898420676,3.8804538224217056,0.5660377358490566,1.2969034397810866,3.657952043248167,2.848385744234801,0.8849924611414882,0.18035152192881612,0.37088725709743453,0.12962962962962962,0.3390495203045245
6602697,2.1216922091593324,0.35556601743680566,3.065414063092823,0.4401153328929137,0.4760645587086761,65,0.0650230591591828,0.5094222287225352,5,0.0,2.807449966981015,10.046875,2.5138834516546344,0.046221195795371366,0.3949281381291263,0.109375,0.0548012835502532,0.5901907871819614,0.25,2.177497946268409,8.824199992201377,2.5138834516546344,0.8849924611414882,0.4042369360040628,0.4904693902239826,0.1076923076923077,0.3124038313563933
7024853,0.39512632669436387,-4.565061778886335e-16,-1.0480275230526181,0.10008354547180631,0.4537036988663888,38,0.4133823642481508,0.13115521997563187,10,0.0,-1.0636740149892399,1.6486486486486487,1.1143243243243242,0.0027254144901203725,0.4864864864864865,0.0,0.005466140297600971,0.0,0.0,0.502854904102303,1.6534349371506953,1.1143243243243242,0.8849924611414882,0.47368421052631576,0.506009406240056,0.0,0.0
7167945,0.7250874434076661,3.011109684093055,1.4678724936524534,0.9308512139061803,0.20218306549277107,48,0.1223903750054148,0.619183156701377,6,0.0,1.560311650353914,2.872340425531915,3.2403782505910166,0.21214992808523936,0.551769294966629,0.2121079184031586,0.18949291467525256,2.71666206961455,0.23404255319148937,0.724107172315227,2.062888473575155,3.2403782505910166,0.8849924611414882,0.5426550537024433,0.4680582362414946,0.22852233676975944,0.42357201546873907
7432861,0.7411191468262658,5.869960170836713,-7.256359638072919e-17,0.740312754062711,0.3155227129971386,51,0.9092209077748059,0.0,0,0.0,0.09646066676345753,2.56,1.6254866666666665,0.0,0.0,0.0,0.06758582493791143,0.0,0.28,0.9400072584914712,2.56,1.6254866666666665,0.8849924611414882,0.0,0.0,0.0,0.0
8090440,1.7728893642935846,0.014229293522517535,1.0211855960211582,0.16098836260650462,0.4810237962323949,65,0.23546902090196187,0.48729224337033455,6,0.0,1.1582934424857485,6.625,7.888864989177489,0.1350836680261128,0.0,0.1875,0.18789716909022017,4.662990631818933,0.0,1.7343838450107179,5.66543594152944,7.888864989177489,0.8849924611414882,0.0,0.0,0.2,0.4031128874149275
8090653,0.6423477566086682,-1.1102230246251565e-15,-0.4934891081752475,0.7617893204996696,0.37433882969641624,35,0.032005056364367575,0.47305878186185846,6,0.0,-0.2049137912910167,2.735294117647059,4.6782352941176475,0.25612579603282865,0.03298210298519748,0.14705882352941177,0.18900253230295463,4.298144770449835,0.0,1.0587226764496112,2.8826865132631454,4.6782352941176475,0.8849924611414882,0.03203975718562041,0.1686997817878987,0.14285714285714285,0.3550358012483632
8119093,1.451349631501874,2.6793812160260946,9.242182824864836,0.5900098024293035,0.4998585670821035,62,0.15246410121778287,0.5762274296943978,6,0.0,8.49548505891705,5.655737704918033,1.2323531222875486,0.1472036929529993,0.5713840349086251,0.04918032786885246,0.1884089611408982,1.038154855457381,0.0,0.4821037787584299,1.619477843981269,1.2323531222875486,0.8849924611414882,0.5621681633778408,0.49109645805328805,0.04838709677419355,0.2163345432076804
8203782,0.8443435348334453,-0.331300834013041,1.5158462751573145,0.8597962563036371,0.2612636571212285,47,0.5524647581471087,0.3330114326466637,7,-0.3553284308267833,1.3642616476415832,2.9782608695652173,10.10666120835686,0.3144725855879606,0.0,0.2826086956521739,0.010587742660568134,4.268095893434242,0.10869565217391304,1.4842604959177108,1.9392797506461272,10.10666120835686,0.8849924611414882,0.0,0.0,0.2765957446808511,0.4521507857175267
9527494,2.483464462306036,-0.07425114171589806,3.953238585697214,0.901149209361276,0.1067455969718385,63,0.07709664110834878,0.4831275601477226,5,-0.04996654520516613,3.606492037324967,12.693548387096774,2.0511330121491413,0.05758332388744145,0.8680877088671382,0.20967741935483872,0.05398841541459758,4.484072680758266,0.25806451612903225,2.369315647087928,10.313152932153193,2.0511330121491413,0.8849924611414882,0.8701815547581359,0.14178368717362125,0.20634920634920634,0.4079346152039785
9677093,0.6362289090067724,0.0,2.8762220650229295,0.757476503757911,0.26034753216578427,39,0.15520342965997458,0.21464190996407376,6,0.0,2.8278262645873427,2.210526315789474,3.4359649122807014,0.24717485427744457,0.5541557915672125,0.23684210526315788,0.18092495126407324,2.449759662250051,0.2894736842105263,0.09426309424562107,1.098848808688504,3.4359649122807014,0.8849924611414882,0.5655876943475404,0.4599777459620284,0.23076923076923078,0.42683279491835413
9677109,0.58494167001528,-0.020672634260286742,1.387461825334709,0.8291655662272597,0.27061039511502627,37,0.05953343315044414,0.5275873411479888,6,-0.017182441482006316,1.4879420488679442,2.3055555555555554,6.204285714285714,0.2489894200520533,0.5688791598497619,0.2222222222222222,0.18924118945593704,2.781482705270896,0.3333333333333333,0.4962019261240405,1.591759234734407,6.204285714285714,0.8849924611414882,0.5535040474213899,0.4296462600261858,0.21621621621621623,0.41734179538380073
9803718,0.26108351263910506,0.33037897697702234,0.5124978373145607,0.8203569461894005,0.1618320004848897,27,0.28794037586665827,0.09574339343784191,9,0.0,0.49016126808396626,1.4230769230769231,3.304102564102564,0.06703307863069409,0.811965811965812,0.038461538461538464,0.028927675966946512,1.0915653089520039,0.0,0.3199643557975492,1.377078678589941,3.304102564102564,0.8849924611414882,0.8189300411522633,0.3875411912036356,0.037037037037037035,0.19245008972987526
9803862,0.2357630074277705,-8.251657615457245e-16,-0.08768359547652535,0.35251941785085594,0.3332039229406698,37,0.01691647122945913,0.3483240875860963,4,-6.962260186858618e-16,0.010464156544629871,1.4166666666666667,2.606666666666667,0.10571532123256261,0.5555555555555556,0.0,0.09906171377273662,0.4205226111053569,0.1388888888888889,0.3472004725976731,1.4151003857867144,2.606666666666667,0.8849924611414882,0.5675675675675675,0.5022472023339227,0.0,0.0
9827666,0.586866265959154,-1.6116140680042596e-15,1.3094546861571927,0.5297528450705986,0.378807743501272,31,0.18778139631004243,0.19548632467043223,6,0.0,1.4177356236081795,2.1333333333333333,3.1093111111111114,0.19481017067223966,0.1041841668359159,0.23369175627240144,0.19421263861270385,4.228005089136878,0.26666666666666666,0.4814963828942929,1.6184944785130653,3.1093111111111114,0.8849924611414882,0.10082338726056378,0.24527305527481283,0.2261533125216788,0.42483764258057266
9835509,2.0852482455237147,4.258258777980182,0.27091573809518404,0.7412184912074022,0.23371904419113357,63,0.9215789392120687,0.007295365813551101,9,0.0,0.27273737878652726,8.935483870967742,4.359622466243434,0.0003873174956124265,0.0,0.0,0.02971710193927723,0.0,0.25806451612903225,2.1899246657436806,8.934540012417846,4.359622466243434,0.8849924611414882,0.0,0.0,0.0,0.0
9836106,1.795165636243011,5.438458457644585,-0.5018929643991248,0.8461612985449601,0.2996488465517237,54,0.538715707339337,0.36117801745534817,9,0.0,-0.42279045345835065,7.7924528301886795,5.272072287943703,0.06186095536722905,0.0,0.0,0.02530881073529897,4.377000509596652,0.24528301886792453,2.0793099007799882,7.998946942115483,5.272072287943703,0.8849924611414882,0.0,0.0,0.0,0.0
9859183,0.6760104260162637,8.217111201995401e-16,0.15680283428668793,0.5274978252227291,0.41525952063687216,38,0.1936826902308371,0.2901390511920106,4,0.0,0.23050194333152182,2.3513513513513513,2.025135135135135,0.10646094347310213,0.4903749556662178,0.08108108108108109,0.09718119457296495,1.0509766099257942,0.2702702702702703,0.8304507516509019,2.294352690482279,2.025135135135135,0.8849924611414882,0.4774703515697384,0.5025659307328576,0.07894736842105263,0.2732763127330939
10204822,1.5519086254642374,-0.06311521225231777,2.968531034276445,0.9288433625940374,0.2723653791826419,51,0.029129881075927816,0.137760166586278,6,-0.05538076167483424,2.9109043369155065,7.64,1.398287619047619,0.1728642106449069,0.898853754456402,0.14,0.18349271888940816,3.2739555403997866,0.0,1.5487727321717544,4.619130217294181,1.398287619047619,0.8849924611414882,0.9008370141729433,0.23979902837908873,0.13725490196078433,0.3475403771153651
12132034,0.23340098416323501,1.0675221390626505e-16,1.2916859243535321,0.5681014540351568,0.2612266963111743,26,0.2326206222558648,0.2340801827414813,4,0.0,1.2518967243916816,1.4,3.3640000000000003,0.1340025912321331,0.8,0.0,0.10507802042483845,0.6370654718364241,0.0,0.168714831597708,1.1837825134181816,3.3640000000000003,0.8849924611414882,0.8076923076923077,0.40191847623425014,0.0,0.0
12132648,0.8527786981054039,-1.1556616058566866,2.392264060667061,0.867918970581821,0.2840109885417522,45,0.12141791959324501,0.6195331583755916,6,-1.0386725159187662,2.392264060667061,3.2045454545454546,3.179761904761905,0.18779071447550758,0.5924297659225627,0.20454545454545456,0.1885732836386584,2.0260715357057353,0.25,1.9168682114401068,2.044851722013618,3.179761904761905,0.8849924611414882,0.5804856612341736,0.47633194510742244,0.2222222222222222,0.4204374825912609
12262778,1.5885887496012456,-1.5648513999286937,1.4141322185453866,0.8652861640091869,0.34075771008471295,64,0.41561630911726327,0.5101493569072115,6,-1.4069433305835726,1.511945402757554,7.650793650793651,12.696882582418693,0.1622453230105851,0.0,0.09523809523809523,0.1874216323883275,4.682127144383392,0.25396825396825395,5.365047892040519,5.986478348302651,12.696882582418693,0.8849924611414882,0.0,0.0,0.09375,0.29378482569650155
12262830,1.1295696669240523,-0.611450359107811,4.286897885815304,0.904447594520808,0.24896656101874245,60,0.49565397406053374,0.41859301325239073,8,-0.5503053231970298,3.884405937015844,4.3559322033898304,11.32746409311028,0.10383849242412758,0.0,0.01694915254237288,0.1138414926037831,4.671548077779208,0.2711864406779661,2.4039054994366618,2.9101009884805644,11.32746409311028,0.8849924611414882,0.0,0.0,0.016666666666666666,0.12909944487358058
12484608,0.46773294909686136,-0.5715768021504639,1.0884539457109378e-17,0.7277218737619167,0.32585091245638614,34,0.7439190525403612,0.0,7,-0.5715768021504639,1.0884539457109378e-17,2.0303030303030303,37.20604617604618,0.0,0.5757575757575758,0.0,0.06399919857093583,1.017376554123858,0.0,2.7752761470366423,2.0303030303030307,37.20604617604618,0.8849924611414882,0.5882352941176471,0.49955416843564227,0.0,0.0
12731432,1.1553331728329437,6.1558598821981265,2.9145330936878233,0.9044259365992458,0.2794770820091264,29,0.25913911607023354,0.6230311590168373,8,0.0,2.649277624101111,5.464285714285714,14.408095946712018,0.15995018609176395,0.0,0.21428571428571427,0.11883482739667993,4.680470085577378,0.25,1.2744809622335125,3.5768444108828077,14.408095946712018,0.8849924611414882,0.0,0.0,0.20689655172413793,0.4122508203948854
12731436,1.7629796240772497,-1.6749131974215885,1.8687310438407545,0.7803046802043837,0.2720684365797326,52,0.6460588713090823,0.27909699584895087,9,-1.5074218776794297,1.7107711539575408,6.784313725490196,6.349612122626829,0.03871701891620236,0.0,0.0,0.02742684131069877,0.0,0.3137254901960784,4.634686327338977,6.349507070536523,6.349612122626829,0.8849924611414882,0.0,0.0,0.0,0.0
12810391,1.7987296671501334,-1.32244763164032,1.0021752985595889,0.8686117201342243,0.3916219033843462,32,0.3319718186067071,0.43416045022005045,6,-1.1887799391240361,1.141184174770336,10.35483870967742,34.84012101636257,0.48488555313804016,0.0,0.0,0.18275564377355985,4.689261170588845,0.3225806451612903,6.005193898035633,5.954279464903992,34.84012101636257,0.8849924611414882,0.0,0.0,0.0,0.0
13213240,0.7335883674570374,17.014708091780516,-1.9592171022796882e-16,0.8375941425040457,0.24208867534442627,34,0.2860878042127178,0.5881237885440768,2,0.0,-1.9592171022796882e-16,2.484848484848485,10.782424242424241,0.30026436036122517,0.2532074402996639,0.15151515151515152,0.25301260570836953,1.4220810515491131,0.0,0.910211685797773,2.4848484848484853,10.782424242424241,0.8849924611414882,0.24576016264379147,0.4259668197378938,0.14705882352941177,0.35949062795357095
13381540,0.44397627380924876,0.0,-1.2660438000111434e-16,0.39735129446112194,0.3537552804479925,19,0.0,0.27881605906860873,4,0.0,0.08937939247350257,1.7222222222222223,2.89,0.1368704344482891,0.5,0.0,0.1052243092925809,1.971579035647456,0.3888888888888889,0.5313820503104092,1.7012819418246965,2.89,0.8849924611414882,0.47368421052631576,0.5129891760425771,0.0,0.0
13876345,0.668631938517185,-2.938825653419532e-15,1.266508946740635,0.7739494595880809,0.27061091438946394,17,0.07340141822308946,0.17642051568131975,4,-2.5985199213722885e-15,1.2292374445400742,2.3125,2.9920833333333334,0.1287873150061828,0.6875,0.0,0.11250865589666195,1.5804900368904486,0.0,0.6800190004170684,1.973915237086899,2.9920833333333334,0.8849924611414882,0.6470588235294118,0.49259218307188896,0.0,0.0
14077333,1.2000998617523901,2.4888244539546887,-3.1918911957973255e-16,0.871346152025613,0.3319166703826154,20,0.11402107806677081,0.45106433995753004,6,0.0,0.23922640606670578,4.842105263157895,3.1212631578947367,0.12193357271588899,0.9936842105263157,0.00912280701754386,0.1937646551948764,3.0688938457534247,0.0,1.5481798675029044,4.7029024821426315,3.1212631578947367,0.8849924611414882,0.994,0.02683281572999747,0.008666666666666666,0.03875851160999636
